City_ID,City,Country,Date,Lat,Lng,Max Temp,Humidity,Cloudiness,Wind Speed
0,butaritari,KI,2022-04-01 04:32:22,3.0707,172.7902,81.7,77,89,16.78
1,arraial do cabo,BR,2022-04-01 04:32:23,-22.9661,-42.0278,75.49,87,31,13.71
2,mataura,NZ,2022-04-01 04:32:23,-46.1927,168.8643,58.68,56,54,1.05
3,hasaki,JP,2022-04-01 04:32:24,35.7333,140.8333,52.29,41,100,25.12
4,nanortalik,GL,2022-04-01 04:32:25,60.1432,-45.2371,34.36,82,100,4.94
5,alyangula,AU,2022-04-01 04:32:25,-13.8483,136.4192,91.27,49,75,5.75
6,puerto ayora,EC,2022-04-01 04:30:09,-0.7393,-90.3518,73.54,100,97,1.43
7,rikitea,PF,2022-04-01 04:32:27,-23.1203,-134.9692,77.43,63,58,15.39
8,mogadishu,SO,2022-04-01 04:32:27,2.0371,45.3438,80.47,83,75,13.8
9,soyo,AO,2022-04-01 04:32:28,-6.1349,12.3689,78.51,92,100,5.93
10,qaanaaq,GL,2022-04-01 04:32:28,77.484,-69.3632,21.88,88,100,4.18
11,fairbanks,US,2022-04-01 04:28:51,64.8378,-147.7164,22.08,38,0,14.97
12,port alfred,ZA,2022-04-01 04:32:29,-33.5906,26.891,62.19,96,100,4.0
13,albany,US,2022-04-01 04:30:09,42.6001,-73.9662,55.38,91,100,5.01
14,gat,IL,2022-04-01 04:32:30,31.61,34.7642,52.48,43,25,1.54
15,bredasdorp,ZA,2022-04-01 04:32:31,-34.5322,20.0403,63.36,55,100,4.74
16,swan hill,AU,2022-04-01 04:32:31,-35.3378,143.5544,73.8,26,1,16.42
17,jamestown,US,2022-04-01 04:32:32,42.097,-79.2353,41.52,69,100,11.5
18,bluff,NZ,2022-04-01 04:32:32,-46.6,168.3333,53.01,63,66,10.36
19,atar,MR,2022-04-01 04:32:33,20.5169,-13.0499,67.73,21,0,9.62
20,upernavik,GL,2022-04-01 04:32:34,72.7868,-56.1549,8.38,97,100,7.81
21,salalah,OM,2022-04-01 04:32:34,17.0151,54.0924,78.89,27,0,2.3
22,avarua,CK,2022-04-01 04:32:35,-21.2078,-159.775,84.25,74,20,4.61
23,ahipara,NZ,2022-04-01 04:32:35,-35.1667,173.1667,70.48,73,100,2.8
24,ribeira grande,PT,2022-04-01 04:32:36,38.5167,-28.7,62.04,91,100,24.0
25,flin flon,CA,2022-04-01 04:32:36,54.7682,-101.865,27.86,97,100,9.57
26,anahuac,MX,2022-04-01 04:32:37,27.2333,-100.15,66.69,68,98,15.64
27,new norfolk,AU,2022-04-01 04:32:38,-42.7826,147.0587,61.92,54,97,1.99
28,blackwater,AU,2022-04-01 04:32:38,-23.5833,148.8833,88.16,31,18,2.48
29,comodoro rivadavia,AR,2022-04-01 04:32:39,-45.8667,-67.5,58.86,47,0,8.05
30,high wycombe,GB,2022-04-01 04:32:39,51.6291,-0.7493,35.11,82,11,1.01
31,bonfim,BR,2022-04-01 04:32:40,3.0833,-59.95,79.25,54,42,7.61
32,guerrero negro,MX,2022-04-01 04:32:40,27.9769,-114.0611,58.91,79,4,16.22
33,ugoofaaru,MV,2022-04-01 04:32:41,5.6667,73.0,83.48,71,15,4.27
34,betioky,MG,2022-04-01 04:32:42,-23.7167,44.3833,76.19,56,0,12.15
35,saint-augustin,CA,2022-04-01 04:32:42,51.226,-58.6502,15.8,95,30,7.07
36,saint stephen,GB,2022-04-01 04:32:43,50.3333,-4.9,41.27,70,75,9.22
37,mahebourg,MU,2022-04-01 04:32:43,-20.4081,57.7,77.29,88,75,18.41
38,vila velha,BR,2022-04-01 04:32:32,-20.3297,-40.2925,77.95,91,75,4.61
39,busselton,AU,2022-04-01 04:32:44,-33.65,115.3333,79.14,64,28,9.66
40,ushuaia,AR,2022-04-01 04:31:16,-54.8,-68.3,46.06,81,100,25.32
41,hobart,AU,2022-04-01 04:32:34,-42.8794,147.3294,62.26,70,75,11.5
42,thompson,CA,2022-04-01 04:32:45,55.7435,-97.8558,32.16,40,75,4.61
43,elverum,NO,2022-04-01 04:32:46,60.8819,11.5623,16.59,92,60,1.23
44,mapiri,BO,2022-04-01 04:32:47,-15.25,-68.1667,63.68,100,97,1.07
45,escanaba,US,2022-04-01 04:30:10,45.7453,-87.0646,28.71,86,100,8.05
46,lugovoy,KZ,2022-04-01 04:33:48,42.9472,72.7644,60.31,31,99,1.97
47,cape town,ZA,2022-04-01 04:30:35,-33.9258,18.4232,61.27,75,0,17.27
48,azul,AR,2022-04-01 04:33:49,-36.777,-59.8585,50.34,86,0,4.32
49,kodiak,US,2022-04-01 04:33:50,57.79,-152.4072,38.71,93,100,32.21
50,lavrentiya,RU,2022-04-01 04:33:50,65.5833,-171.0,18.88,93,100,9.08
51,qaqortoq,GL,2022-04-01 04:29:11,60.7167,-46.0333,32.59,73,100,5.41
52,figeac,FR,2022-04-01 04:33:51,44.75,1.9167,32.38,94,99,11.43
53,hamilton,US,2022-04-01 04:33:52,39.1834,-84.5333,39.83,88,100,9.22
54,rio gallegos,AR,2022-04-01 04:31:57,-51.6226,-69.2181,46.45,61,0,11.5
55,grindavik,IS,2022-04-01 04:33:53,63.8424,-22.4338,39.67,93,75,9.22
56,ust-maya,RU,2022-04-01 04:33:53,60.4167,134.5333,23.09,66,100,1.97
57,southbridge,US,2022-04-01 04:33:54,42.0751,-72.0334,59.07,94,100,1.99
58,punta arenas,CL,2022-04-01 04:33:54,-53.15,-70.9167,50.11,62,75,28.77
59,castro,BR,2022-04-01 04:33:55,-24.7911,-50.0119,53.76,99,100,5.84
60,kaspiyskiy,RU,2022-04-01 04:33:55,45.3929,47.3707,50.86,56,17,11.16
61,pevek,RU,2022-04-01 04:33:56,69.7008,170.3133,-9.31,92,64,2.04
62,victoria,HK,2022-04-01 04:31:49,22.2855,114.1577,71.65,87,100,5.99
63,cidreira,BR,2022-04-01 04:33:57,-30.1811,-50.2056,60.82,70,86,3.96
64,venado tuerto,AR,2022-04-01 04:33:58,-33.7456,-61.9688,45.19,57,0,6.93
65,severo-kurilsk,RU,2022-04-01 04:33:58,50.6789,156.125,29.08,70,92,18.97
66,mpongwe,ZM,2022-04-01 04:33:59,-13.5091,28.155,61.92,97,15,5.37
67,eureka,US,2022-04-01 04:34:00,40.8021,-124.1637,49.19,85,54,5.99
68,sesvete,HR,2022-04-01 04:34:00,45.8311,16.1164,46.8,93,100,2.3
69,east london,ZA,2022-04-01 04:34:01,-33.0153,27.9116,65.34,94,20,13.8
70,clyde river,CA,2022-04-01 04:34:02,70.4692,-68.5914,3.43,85,100,2.3
71,tiksi,RU,2022-04-01 04:34:02,71.6872,128.8694,14.5,88,100,4.5
72,geraldton,AU,2022-04-01 04:34:03,-28.7667,114.6,81.01,61,100,21.85
73,arman,RU,2022-04-01 04:32:15,59.7,150.1667,26.02,59,83,9.42
74,tuatapere,NZ,2022-04-01 04:34:04,-46.1333,167.6833,57.79,59,43,5.1
75,teknaf,BD,2022-04-01 04:34:05,20.8624,92.3058,85.96,63,68,7.34
76,nikolskoye,RU,2022-04-01 04:34:05,59.7035,30.7861,25.88,86,27,0.72
77,dikson,RU,2022-04-01 04:34:06,73.5069,80.5464,8.44,88,38,8.14
78,havelock,US,2022-04-01 04:34:07,34.8791,-76.9013,71.98,92,100,17.0
79,kaitangata,NZ,2022-04-01 04:34:07,-46.2817,169.8464,54.79,61,63,7.23
80,naze,JP,2022-04-01 04:31:59,28.3667,129.4833,63.52,72,97,16.62
81,lebu,CL,2022-04-01 04:34:08,-37.6167,-73.65,53.76,86,99,19.48
82,kyzyl-suu,KG,2022-04-01 04:34:09,42.3414,78.0056,47.75,39,0,1.57
83,yumen,CN,2022-04-01 04:34:09,40.2833,97.2,49.24,13,0,8.48
84,kapaa,US,2022-04-01 04:34:10,22.0752,-159.319,80.58,86,75,18.41
85,abha,SA,2022-04-01 04:34:10,18.2164,42.5053,55.65,17,0,4.61
86,sribne,UA,2022-04-01 04:34:11,50.6638,32.9187,47.08,95,100,9.93
87,coquimbo,CL,2022-04-01 04:34:11,-29.9533,-71.3436,55.13,87,20,3.44
88,souillac,MU,2022-04-01 04:34:12,-20.5167,57.5167,77.38,88,75,18.41
89,barrow,US,2022-04-01 04:34:13,71.2906,-156.7887,-7.58,71,0,18.41
90,sao sebastiao,BR,2022-04-01 04:31:00,-23.76,-45.4097,71.74,94,100,8.46
91,manamadurai,IN,2022-04-01 04:34:14,9.7,78.4833,92.1,47,39,9.35
92,paamiut,GL,2022-04-01 04:35:14,61.994,-49.6678,25.86,85,60,3.78
93,dawlatabad,AF,2022-04-01 04:35:15,36.4141,64.9053,71.4,23,0,3.89
94,copperas cove,US,2022-04-01 04:35:15,31.1241,-97.9031,58.37,54,0,0.0
95,ilhabela,BR,2022-04-01 04:35:16,-23.7781,-45.3581,72.0,92,100,10.18
96,cherskiy,RU,2022-04-01 04:35:16,68.75,161.3,-5.93,92,96,6.64
97,katsuura,JP,2022-04-01 04:35:17,35.1333,140.3,48.79,53,100,17.36
98,labranzagrande,CO,2022-04-01 04:35:18,5.5622,-72.575,68.99,79,85,2.82
99,kavieng,PG,2022-04-01 04:35:18,-2.5744,150.7967,83.98,71,83,13.62
100,yellowknife,CA,2022-04-01 04:35:19,62.456,-114.3525,1.92,66,20,13.8
101,airai,TL,2022-04-01 04:35:19,-8.9266,125.4092,75.47,46,3,1.41
102,jingdezhen,CN,2022-04-01 04:35:20,29.2947,117.2079,54.61,67,100,7.63
103,omboue,GA,2022-04-01 04:35:20,-1.5746,9.2618,76.17,92,100,4.88
104,palaia fokaia,GR,2022-04-01 04:35:21,37.72,23.9463,63.61,77,65,19.15
105,san quintin,MX,2022-04-01 04:35:22,30.4833,-115.95,58.51,70,75,11.45
106,xuddur,SO,2022-04-01 04:35:22,4.1213,43.8894,79.07,64,33,19.01
107,lieksa,FI,2022-04-01 04:35:23,63.3167,30.0167,9.14,94,25,0.36
108,dalaba,GN,2022-04-01 04:35:24,10.7,-12.25,65.77,79,93,3.09
109,gombe,NG,2022-04-01 04:35:24,10.2897,11.1673,75.72,11,65,4.41
110,hithadhoo,MV,2022-04-01 04:35:25,-0.6,73.0833,82.99,68,6,5.66
111,shiraz,IR,2022-04-01 04:35:25,29.6036,52.5388,63.84,32,0,0.0
112,torbay,CA,2022-04-01 04:35:26,47.6666,-52.7314,34.29,87,100,17.27
113,ponta do sol,PT,2022-04-01 04:35:26,32.6667,-17.1,61.12,80,94,2.24
114,cockburn town,TC,2022-04-01 04:31:48,21.4612,-71.1419,77.02,81,3,25.55
115,khatanga,RU,2022-04-01 04:35:27,71.9667,102.5,15.03,94,100,5.21
116,vaini,TO,2022-04-01 04:35:28,-21.2,-175.2,82.56,89,75,6.91
117,sao filipe,CV,2022-04-01 04:35:28,14.8961,-24.4956,70.5,74,60,8.61
118,dingle,PH,2022-04-01 04:35:29,10.9995,122.6711,88.07,57,87,12.77
119,odienne,CI,2022-04-01 04:35:30,9.51,-7.5692,79.23,56,32,5.73
120,izhma,RU,2022-04-01 04:35:30,65.0083,53.9113,19.09,93,99,4.61
121,saint-francois,FR,2022-04-01 04:35:31,46.4154,3.9054,34.68,94,100,17.27
122,cabo san lucas,MX,2022-04-01 04:35:32,22.8909,-109.9124,71.51,70,97,12.66
123,talas,TR,2022-04-01 04:35:32,38.6908,35.5538,41.67,65,75,1.14
124,klaksvik,FO,2022-04-01 04:35:33,62.2266,-6.589,36.52,65,100,6.91
125,bolkhov,RU,2022-04-01 04:35:34,53.4433,36.0044,32.32,99,100,13.15
126,bonthe,SL,2022-04-01 04:35:34,7.5264,-12.505,77.18,94,79,3.78
127,nouakchott,MR,2022-04-01 04:35:35,18.0858,-15.9785,68.77,50,0,10.63
128,te anau,NZ,2022-04-01 04:35:35,-45.4167,167.7167,58.01,63,58,1.97
129,vestmannaeyjar,IS,2022-04-01 04:35:36,63.4427,-20.2734,39.24,70,99,7.7
130,mehamn,NO,2022-04-01 04:35:37,71.0357,27.8492,24.75,68,75,14.97
131,port elizabeth,ZA,2022-04-01 04:35:37,-33.918,25.5701,65.1,85,100,11.5
132,yei,SS,2022-04-01 04:35:38,4.095,30.6779,73.83,66,71,5.12
133,sept-iles,CA,2022-04-01 04:35:38,50.2001,-66.3821,32.05,95,100,16.11
134,richards bay,ZA,2022-04-01 04:35:39,-28.783,32.0377,70.07,86,1,4.43
135,saskylakh,RU,2022-04-01 04:35:40,71.9167,114.0833,13.28,94,100,10.76
136,codrington,AU,2022-04-01 04:35:40,-38.2667,141.9667,63.82,53,52,20.33
137,alofi,NU,2022-04-01 04:35:41,-19.0595,-169.9187,84.09,74,84,5.75
138,nukus,UZ,2022-04-01 04:36:41,42.4531,59.6103,60.78,23,0,2.3
139,xapuri,BR,2022-04-01 04:36:42,-10.6517,-68.5044,61.74,99,100,6.15
140,le port,RE,2022-04-01 04:36:42,-20.9373,55.2919,79.61,66,97,6.29
141,mollendo,PE,2022-04-01 04:36:43,-17.0231,-72.0147,67.05,85,50,6.29
142,coihaique,CL,2022-04-01 04:36:44,-45.5752,-72.0662,50.61,93,0,4.61
143,tautira,PF,2022-04-01 04:36:44,-17.7333,-149.15,81.72,75,36,12.88
144,aksarka,RU,2022-04-01 04:36:45,66.5606,67.7975,16.75,87,97,16.02
145,saint-denis,FR,2022-04-01 04:36:45,48.9167,2.3333,36.75,88,100,20.71
146,namibe,AO,2022-04-01 04:36:46,-15.1961,12.1522,71.92,76,96,6.85
147,salym,RU,2022-04-01 04:36:46,60.0625,71.4789,24.01,82,73,7.18
148,belyy yar,RU,2022-04-01 04:36:47,53.6039,91.3903,44.85,48,0,2.24
149,longyearbyen,SJ,2022-04-01 04:36:47,78.2186,15.6401,4.84,61,40,20.71
150,ongandjera,NA,2022-04-01 04:36:48,-17.8833,15.0667,68.79,83,97,4.76
151,forest grove,US,2022-04-01 04:36:49,45.5198,-123.1107,51.1,78,100,6.91
152,hermanus,ZA,2022-04-01 04:36:49,-34.4187,19.2345,62.38,67,80,7.49
153,faanui,PF,2022-04-01 04:36:50,-16.4833,-151.75,82.22,67,35,13.13
154,russell,US,2022-04-01 04:36:50,32.3502,-85.1999,61.88,73,0,6.91
155,kavaratti,IN,2022-04-01 04:36:51,10.5669,72.642,83.34,73,90,6.67
156,amga,RU,2022-04-01 04:36:51,60.8953,131.9608,24.78,71,97,2.21
157,rosetta,EG,2022-04-01 04:36:52,31.4044,30.4164,59.61,70,88,9.73
158,popondetta,PG,2022-04-01 04:36:53,-8.7537,148.2534,84.15,73,100,5.21
159,lagoa,PT,2022-04-01 04:36:53,39.05,-27.9833,60.22,93,100,25.39
160,mahajanga,MG,2022-04-01 04:36:54,-15.7167,46.3167,73.42,78,40,8.05
161,dudinka,RU,2022-04-01 04:36:54,69.4058,86.1778,13.62,93,100,10.18
162,karratha,AU,2022-04-01 04:36:55,-20.7377,116.8463,89.94,53,32,12.93
163,linjiang,CN,2022-04-01 04:36:55,41.8069,126.9078,46.53,26,0,5.73
164,kahului,US,2022-04-01 04:36:56,20.8947,-156.47,75.22,77,40,16.11
165,nome,US,2022-04-01 04:36:23,64.5011,-165.4064,31.1,74,100,6.91
166,dunmore town,BS,2022-04-01 04:36:57,25.5,-76.65,75.97,86,0,21.05
167,ambilobe,MG,2022-04-01 04:36:58,-13.2,49.05,78.06,84,70,2.68
168,rajula,IN,2022-04-01 04:36:58,21.05,71.4333,90.14,23,1,3.78
169,tasiilaq,GL,2022-04-01 04:36:59,65.6145,-37.6368,32.16,97,100,4.83
170,tashtyp,RU,2022-04-01 04:37:01,52.7939,89.8983,44.69,53,100,3.22
171,chokurdakh,RU,2022-04-01 04:37:01,70.6333,147.9167,-7.08,94,17,3.24
172,bethel,US,2022-04-01 04:37:02,41.3712,-73.414,58.51,93,100,9.42
173,kogon,UZ,2022-04-01 04:37:02,39.7228,64.5517,57.24,62,75,4.61
174,dera ghazi khan,PK,2022-04-01 04:37:03,30.0561,70.6348,93.78,6,0,4.25
175,timmins,CA,2022-04-01 04:37:03,48.4669,-81.3331,22.82,86,100,11.5
176,rakaia,NZ,2022-04-01 04:37:04,-43.75,172.0167,53.38,82,100,1.83
177,juegang,CN,2022-04-01 04:37:05,32.3174,121.1855,49.87,58,100,15.17
178,esperance,AU,2022-04-01 04:37:05,-33.8667,121.9,80.44,50,24,12.86
179,narsaq,GL,2022-04-01 04:37:06,60.9167,-46.05,48.42,67,100,5.46
180,virginia beach,US,2022-04-01 04:36:15,36.8529,-75.978,71.64,86,86,16.6
181,mar del plata,AR,2022-04-01 04:37:07,-38.0023,-57.5575,52.88,84,0,4.61
182,hilo,US,2022-04-01 04:36:55,19.7297,-155.09,73.13,93,100,9.22
183,petrovsk-zabaykalskiy,RU,2022-04-01 04:37:08,51.273,108.843,37.87,60,38,7.67
184,buala,SB,2022-04-01 04:37:09,-8.145,159.5921,78.73,89,92,8.52
185,bom jesus,BR,2022-04-01 04:37:09,-9.0744,-44.3586,73.18,71,91,0.43
186,riyadh,SA,2022-04-01 04:35:27,24.6877,46.7219,68.14,9,0,3.31
187,yar-sale,RU,2022-04-01 04:38:10,66.8333,70.8333,15.1,86,100,16.51
188,hami,CN,2022-04-01 04:38:11,42.8,93.45,55.99,13,0,2.62
189,tuktoyaktuk,CA,2022-04-01 04:38:11,69.4541,-133.0374,-20.2,76,0,6.91
190,mount gambier,AU,2022-04-01 04:38:12,-37.8333,140.7667,71.51,33,40,20.71
191,glace bay,CA,2022-04-01 04:38:12,46.1969,-59.957,35.89,91,100,5.75
192,annau,TM,2022-04-01 04:38:13,37.8876,58.516,62.1,45,40,6.91
193,dalianwan,CN,2022-04-01 04:38:14,39.0286,121.695,50.04,22,0,11.18
194,bousse,BF,2022-04-01 04:38:14,12.6606,-1.8922,80.35,7,3,5.26
195,fukuma,JP,2022-04-01 04:38:15,33.7667,130.4667,61.16,46,98,22.5
196,troitskoye,RU,2022-04-01 04:38:15,52.9821,84.6757,37.65,88,100,6.51
197,ayan,RU,2022-04-01 04:38:16,56.45,138.1667,26.82,47,1,7.0
198,port hardy,CA,2022-04-01 04:36:38,50.6996,-127.4199,42.98,93,75,0.0
199,samarai,PG,2022-04-01 04:38:17,-10.6167,150.6667,81.05,82,100,16.96
200,byron bay,AU,2022-04-01 04:38:17,-28.65,153.6167,76.71,62,34,12.84
201,sayyan,YE,2022-04-01 04:38:18,15.1718,44.3244,57.09,19,0,5.95
202,bongandanga,CD,2022-04-01 04:38:19,1.5,21.05,73.44,73,65,2.71
203,san francisco,US,2022-04-01 04:34:17,37.7749,-122.4194,56.44,75,0,8.01
204,honiara,SB,2022-04-01 04:38:20,-9.4333,159.95,78.96,90,99,4.07
205,georgetown,MY,2022-04-01 04:35:30,5.4112,100.3354,91.33,70,20,5.75
206,plaster rock,CA,2022-04-01 04:38:21,46.9065,-67.39,36.12,100,100,5.32
207,shenzhen,CN,2022-04-01 04:38:21,22.5455,114.0683,69.93,99,100,10.36
208,zhanakorgan,KZ,2022-04-01 04:38:22,43.9098,67.2495,62.31,26,100,1.07
209,urdoma,RU,2022-04-01 04:38:23,61.7533,48.5442,19.35,93,98,4.79
210,naliya,IN,2022-04-01 04:38:23,23.2667,68.8333,91.11,24,0,3.04
211,saldanha,ZA,2022-04-01 04:38:24,-33.0117,17.9442,57.25,82,0,17.02
212,amuntai,ID,2022-04-01 04:38:24,-2.4177,115.2494,94.96,44,61,2.75
213,port blair,IN,2022-04-01 04:38:25,11.6667,92.75,87.84,70,20,8.05
214,kochubey,RU,2022-04-01 04:38:25,44.3861,46.5825,52.54,51,17,12.64
215,vanimo,PG,2022-04-01 04:38:26,-2.6741,141.3028,82.85,77,100,6.22
216,tezu,IN,2022-04-01 04:38:27,27.9167,96.1667,76.05,69,99,3.22
217,tarakan,ID,2022-04-01 04:38:27,3.3,117.6333,81.9,78,40,6.91
218,mardin,TR,2022-04-01 04:38:28,37.3131,40.7436,56.46,31,0,8.05
219,kuragino,RU,2022-04-01 04:38:28,53.8975,92.6725,35.4,95,100,4.41
220,takoradi,GH,2022-04-01 04:38:29,4.8845,-1.7554,79.32,87,68,6.93
221,nizhniy kuranakh,RU,2022-04-01 04:38:29,58.8353,125.4869,32.94,89,100,8.72
222,biloxi,US,2022-04-01 04:37:33,30.396,-88.8853,60.84,66,0,0.0
223,hohhot,CN,2022-04-01 04:38:30,40.8106,111.6522,52.09,20,40,11.18
224,ebensee,AT,2022-04-01 04:38:31,47.8072,13.779,44.49,99,100,3.24
225,emerald,AU,2022-04-01 04:34:54,-23.5333,148.1667,89.74,31,5,4.61
226,muzhi,RU,2022-04-01 04:38:32,65.3667,64.6667,19.51,81,28,9.17
227,lapua,FI,2022-04-01 04:38:33,62.9693,23.0088,16.11,97,82,0.4
228,kirando,TZ,2022-04-01 04:38:33,-7.4167,30.6,71.67,81,97,4.59
229,north battleford,CA,2022-04-01 04:37:12,52.7834,-108.2847,37.4,87,100,11.5
230,udachnyy,RU,2022-04-01 04:38:34,66.4167,112.4,26.46,92,100,12.84
231,port lincoln,AU,2022-04-01 04:38:35,-34.7333,135.8667,66.0,52,6,20.8
232,aswan,EG,2022-04-01 04:38:35,24.0934,32.907,69.1,18,0,6.91
233,ubatuba,BR,2022-04-01 04:38:36,-23.4339,-45.0711,72.48,95,100,10.78
234,vardo,NO,2022-04-01 04:39:36,70.3705,31.1107,26.37,77,100,10.31
235,atuona,PF,2022-04-01 04:39:37,-9.8,-139.0333,78.93,72,45,7.38
236,cap malheureux,MU,2022-04-01 04:39:37,-19.9842,57.6142,77.47,85,57,10.0
237,half moon bay,US,2022-04-01 04:36:40,37.4636,-122.4286,55.35,79,0,6.91
238,kruisfontein,ZA,2022-04-01 04:39:38,-34.0033,24.7314,62.89,79,100,4.09
239,leningradskiy,RU,2022-04-01 04:39:39,69.3833,178.4167,6.76,96,99,6.69
240,bathsheba,BB,2022-04-01 04:39:39,13.2167,-59.5167,77.61,78,75,21.85
241,trairi,BR,2022-04-01 04:39:40,-3.2778,-39.2689,74.88,92,100,4.88
242,san patricio,US,2022-04-01 04:39:41,28.017,-97.5169,66.88,70,95,10.42
243,ijui,BR,2022-04-01 04:35:50,-28.3878,-53.9147,48.22,73,0,7.0
244,rocha,UY,2022-04-01 04:39:42,-34.4833,-54.3333,55.49,67,97,1.34
245,beloha,MG,2022-04-01 04:39:43,-25.1667,45.05,74.48,68,0,9.64
246,hue,VN,2022-04-01 04:37:45,16.4667,107.6,75.31,94,75,10.36
247,farim,GW,2022-04-01 04:39:44,12.4839,-15.2217,71.08,57,80,2.95
248,yulara,AU,2022-04-01 04:39:44,-25.2406,130.9889,80.44,17,100,11.5
249,medea,DZ,2022-04-01 04:39:45,36.2642,2.7539,41.63,92,62,5.5
250,kisangani,CD,2022-04-01 04:39:45,0.5167,25.2,70.25,97,97,1.97
251,santiago del estero,AR,2022-04-01 04:37:10,-27.7951,-64.2615,51.35,47,0,5.77
252,hofn,IS,2022-04-01 04:39:46,64.2539,-15.2082,39.42,64,100,4.72
253,aklavik,CA,2022-04-01 04:39:47,68.2191,-135.0107,-28.07,100,51,3.24
254,new waterford,US,2022-04-01 04:39:47,40.8451,-80.6145,43.57,77,100,10.0
255,beidao,CN,2022-04-01 04:39:48,34.5686,105.8933,62.46,21,31,4.07
256,chuy,UY,2022-04-01 04:39:48,-33.6971,-53.4616,53.94,78,85,5.57
257,bambous virieux,MU,2022-04-01 04:39:49,-20.3428,57.7575,77.25,88,75,18.41
258,newport,GB,2022-04-01 04:36:35,51.5877,-2.9984,36.25,76,9,1.01
259,tazovskiy,RU,2022-04-01 04:39:50,67.4667,78.7,14.95,86,100,17.16
260,laguna,US,2022-04-01 04:39:51,38.421,-121.4238,61.09,72,0,6.91
261,palmer,US,2022-04-01 04:36:08,42.1584,-72.3287,58.39,83,100,5.01
262,mamou,GN,2022-04-01 04:39:52,10.5,-12.0,72.84,75,97,3.06
263,tsiroanomandidy,MG,2022-04-01 04:39:52,-18.7667,46.0333,65.21,73,4,4.74
264,pangnirtung,CA,2022-04-01 04:39:53,66.1451,-65.7125,17.1,86,100,3.91
265,mayo,US,2022-04-01 04:39:53,38.8876,-76.5119,67.08,92,20,12.66
266,camacha,PT,2022-04-01 04:39:54,33.0833,-16.3333,56.62,88,75,5.75
267,mastung,PK,2022-04-01 04:39:54,29.7994,66.845,67.01,8,0,3.96
268,samsun,TR,2022-04-01 04:39:55,41.25,36.3333,68.76,26,0,9.22
269,bandarbeyla,SO,2022-04-01 04:39:56,9.4942,50.8122,81.59,73,7,8.52
270,domoni,KM,2022-04-01 04:39:56,-12.2569,44.5319,80.46,82,100,1.99
271,avera,US,2022-04-01 04:39:57,33.194,-82.5271,65.71,63,31,10.98
272,iqaluit,CA,2022-04-01 04:39:57,63.7506,-68.5145,26.33,86,100,9.22
273,bani,DO,2022-04-01 04:36:45,18.2833,-70.3333,73.45,75,9,12.01
274,enid,US,2022-04-01 04:39:58,36.3956,-97.8784,42.96,69,0,8.05
275,mackenzie,CA,2022-04-01 04:36:35,55.2999,-123.1698,37.62,44,40,4.61
276,orange,US,2022-04-01 04:39:59,33.7,-117.7675,61.07,82,100,3.44
277,odweyne,SO,2022-04-01 04:40:00,9.4092,45.064,73.38,61,0,13.35
278,tambacounda,SN,2022-04-01 04:40:00,13.7539,-13.7586,84.25,25,0,6.91
279,talakan,RU,2022-04-01 04:40:01,50.3167,130.3667,33.87,64,31,8.25
280,praia da vitoria,PT,2022-04-01 04:40:02,38.7333,-27.0667,61.75,88,75,17.6
281,adrar,MR,2022-04-01 04:40:03,20.5022,-10.0711,66.09,17,44,10.6
282,sitka,US,2022-04-01 04:41:04,57.0531,-135.33,44.49,61,100,12.66
283,naples,IT,2022-04-01 04:41:05,40.8333,14.25,55.45,89,40,4.61
284,sawtell,AU,2022-04-01 04:41:06,-30.3833,153.1,77.02,53,75,14.97
285,nemuro,JP,2022-04-01 04:41:06,43.3236,145.575,29.59,77,100,10.42
286,lasa,IT,2022-04-01 04:41:07,46.6166,10.7002,43.02,96,100,4.23
287,jishou,CN,2022-04-01 04:41:07,28.3167,109.7167,53.94,83,100,4.29
288,santa cecilia,BR,2022-04-01 04:41:08,-26.9608,-50.4269,47.28,93,90,4.81
289,puerto el triunfo,SV,2022-04-01 04:41:08,13.2833,-88.55,79.03,74,58,2.75
290,nalut,LY,2022-04-01 04:41:09,30.3333,10.85,56.86,28,25,7.47
291,maniitsoq,GL,2022-04-01 04:41:10,65.4167,-52.9,21.13,81,29,5.39
292,catalina,US,2022-04-01 04:41:10,32.5056,-110.9211,68.09,33,80,4.54
293,altoona,US,2022-04-01 04:40:38,40.5187,-78.3947,52.81,82,92,13.2
294,westport,US,2022-04-01 04:36:46,41.1415,-73.3579,60.35,96,100,4.0
295,hibbing,US,2022-04-01 04:41:12,47.4272,-92.9377,24.15,45,0,3.44
296,college,US,2022-04-01 04:41:12,64.8569,-147.8028,21.52,39,0,14.97
297,sibolga,ID,2022-04-01 04:41:13,1.7427,98.7792,86.25,61,42,6.17
298,san pedro,PH,2022-04-01 04:41:14,14.35,121.0167,90.63,62,40,6.91
299,pangkalanbuun,ID,2022-04-01 04:41:14,-2.6833,111.6167,87.75,64,24,5.28
300,ponta delgada,PT,2022-04-01 04:41:08,37.7333,-25.6667,59.72,94,75,13.8
301,ballina,AU,2022-04-01 04:41:15,-28.8667,153.5667,80.78,63,33,12.66
302,maragogi,BR,2022-04-01 04:41:16,-9.0122,-35.2225,76.73,79,100,1.79
303,brazzaville,CG,2022-04-01 04:41:17,-4.2658,15.2832,77.36,83,20,4.61
304,yerbogachen,RU,2022-04-01 04:41:17,61.2767,108.0108,28.62,75,99,16.22
305,erdenet,MN,2022-04-01 04:41:18,49.0333,104.0833,41.18,21,1,7.18
306,shumskiy,RU,2022-04-01 04:41:18,54.8318,99.1328,42.75,64,100,5.37
307,sovetskiy,RU,2022-04-01 04:41:19,61.3614,63.5842,24.73,78,10,8.95
308,gravelbourg,CA,2022-04-01 04:41:20,49.8834,-106.5512,28.67,47,98,15.19
309,provideniya,RU,2022-04-01 04:41:20,64.3833,-173.3,23.36,80,75,18.01
310,deputatskiy,RU,2022-04-01 04:41:21,69.3,139.9,2.7,88,18,3.27
311,tabory,RU,2022-04-01 04:41:22,58.5198,64.5495,28.18,75,100,4.07
312,dire,ML,2022-04-01 04:41:22,12.2833,-10.9667,83.34,27,82,1.83
313,tuxpan,MX,2022-04-01 04:41:23,19.55,-103.4,59.27,59,100,2.06
314,naryan-mar,RU,2022-04-01 04:41:23,67.6713,53.087,13.01,93,90,8.46
315,sao joao da barra,BR,2022-04-01 04:41:24,-21.6403,-41.0511,73.62,90,38,10.16
316,kenitra,MA,2022-04-01 04:41:24,34.261,-6.5802,59.76,75,100,6.46
317,saint-philippe,RE,2022-04-01 04:41:25,-21.3585,55.7679,80.19,82,80,16.49
318,san andres,CO,2022-04-01 04:41:26,12.5847,-81.7006,80.62,78,20,9.22
319,itarema,BR,2022-04-01 04:41:26,-2.9248,-39.9167,75.78,88,99,5.88
320,cabedelo,BR,2022-04-01 04:36:50,-6.9811,-34.8339,75.87,80,88,7.34
321,katobu,ID,2022-04-01 04:41:27,-4.9408,122.5276,80.65,83,100,4.99
322,broome,US,2022-04-01 04:41:28,42.2506,-75.833,51.44,82,100,13.8
323,brae,GB,2022-04-01 04:41:28,60.3964,-1.353,35.85,59,61,7.96
324,saint george,US,2022-04-01 04:36:31,37.1041,-113.5841,66.63,29,75,3.44
325,doha,QA,2022-04-01 04:37:46,25.2867,51.5333,76.98,34,0,4.61
326,hovd,MN,2022-04-01 04:42:30,48.0056,91.6419,38.97,21,9,4.56
327,sistranda,NO,2022-04-01 04:42:31,63.7256,8.834,24.76,56,100,1.3
328,pedernales,DO,2022-04-01 04:42:32,18.0384,-71.744,77.29,67,9,5.91
329,isangel,VU,2022-04-01 04:42:32,-19.55,169.2667,85.01,73,87,4.74
330,paulba,PH,2022-04-01 04:42:33,13.7136,123.2496,89.2,57,69,13.22
331,carnarvon,AU,2022-04-01 04:42:34,-24.8667,113.6333,82.47,78,75,17.27
332,andenes,NO,2022-04-01 04:42:34,69.3143,16.1194,26.92,80,40,10.36
333,pacific grove,US,2022-04-01 04:40:00,36.6177,-121.9166,53.28,84,100,6.91
334,anadyr,RU,2022-04-01 04:42:35,64.75,177.4833,26.01,58,75,11.01
335,superior,US,2022-04-01 04:41:43,46.7208,-92.1041,27.57,82,75,3.44
336,palanga,LT,2022-04-01 04:42:36,55.9175,21.0686,24.82,80,0,8.05
337,greenfield,US,2022-04-01 04:41:23,42.9614,-88.0126,31.75,87,100,6.91
338,tommot,RU,2022-04-01 04:42:37,58.9564,126.2925,32.38,90,100,10.0
339,cururupu,BR,2022-04-01 04:42:38,-1.8283,-44.8683,72.41,98,99,1.21
340,mahibadhoo,MV,2022-04-01 04:42:38,3.7833,72.9667,83.05,70,2,4.88
341,moerai,PF,2022-04-01 04:42:39,-22.4333,-151.3333,81.3,78,16,22.93
342,tabou,CI,2022-04-01 04:42:39,4.423,-7.3528,79.09,88,29,6.2
343,belmopan,BZ,2022-04-01 04:42:40,17.25,-88.7667,84.58,95,13,3.89
344,staryy nadym,RU,2022-04-01 04:42:40,65.6118,72.6842,15.93,83,98,19.13
345,mackay,AU,2022-04-01 04:42:41,-21.15,149.2,85.68,74,40,18.41
346,tulle,FR,2022-04-01 04:42:42,45.3333,1.8333,31.55,93,100,6.55
347,port-gentil,GA,2022-04-01 04:42:42,-0.7193,8.7815,79.34,85,100,10.69
348,hambantota,LK,2022-04-01 04:42:43,6.1241,81.1185,86.34,79,75,3.44
349,camocim,BR,2022-04-01 04:42:43,-2.9022,-40.8411,75.54,83,97,6.13
350,shahr-e babak,IR,2022-04-01 04:42:44,30.1165,55.1186,63.66,11,0,1.79
351,murdochville,CA,2022-04-01 04:42:44,48.9583,-65.5006,29.28,98,100,7.31
352,san juan,AR,2022-04-01 04:42:45,-31.5375,-68.5364,56.53,24,0,3.0
353,kargopol,RU,2022-04-01 04:42:46,61.5071,38.9456,15.93,91,59,1.45
354,imbituba,BR,2022-04-01 04:42:46,-28.24,-48.6703,62.82,73,64,7.49
355,genhe,CN,2022-04-01 04:42:47,50.7833,121.5167,36.3,48,62,10.02
356,hualmay,PE,2022-04-01 04:42:47,-11.0964,-77.6139,68.47,88,98,7.54
357,mercedes,AR,2022-04-01 04:42:20,-34.6515,-59.4307,48.04,56,0,2.8
358,tura,IN,2022-04-01 04:42:48,25.5198,90.2201,84.24,54,46,5.21
359,batagay-alyta,RU,2022-04-01 04:42:49,67.8006,130.4114,8.55,72,48,5.06
360,aksay,RU,2022-04-01 04:42:49,47.26,39.87,59.22,47,100,11.99
361,ulaanbaatar,MN,2022-04-01 04:42:17,47.9077,106.8832,41.13,24,0,6.71
362,niksar,TR,2022-04-01 04:42:50,40.5917,36.9517,55.54,63,98,9.37
363,misratah,LY,2022-04-01 04:42:51,32.3754,15.0925,64.67,40,8,12.91
364,warri,NG,2022-04-01 04:42:52,5.5167,5.75,78.66,91,82,3.18
365,salinas,US,2022-04-01 04:42:16,36.6777,-121.6555,53.69,76,0,6.91
366,kulhudhuffushi,MV,2022-04-01 04:42:53,6.6221,73.07,83.86,69,34,5.77
367,ilulissat,GL,2022-04-01 04:42:53,69.2167,-51.1,15.82,92,100,0.0
368,chambas,CU,2022-04-01 04:42:54,22.1928,-78.9136,73.9,84,5,6.38
369,linhares,BR,2022-04-01 04:42:54,-19.3911,-40.0722,72.34,96,12,2.17
370,rawson,AR,2022-04-01 04:42:55,-43.3002,-65.1023,60.35,51,100,5.5
371,sinnamary,GF,2022-04-01 04:42:55,5.3833,-52.95,76.62,84,97,7.99
372,bengkulu,ID,2022-04-01 04:43:56,-3.8004,102.2655,84.88,54,8,6.73
373,itapirapua,BR,2022-04-01 04:43:57,-15.8233,-50.6133,69.93,94,23,0.38
374,les cayes,HT,2022-04-01 04:43:57,18.2,-73.75,75.4,78,24,4.63
375,lompoc,US,2022-04-01 04:43:58,34.6391,-120.4579,53.78,82,40,25.99
376,moree,AU,2022-04-01 04:43:59,-29.4667,149.85,78.82,34,0,16.11
377,moyale,KE,2022-04-01 04:43:59,3.5167,39.0584,70.61,76,3,8.84
378,sirnak,TR,2022-04-01 04:44:00,37.5228,42.4594,41.07,45,46,6.08
379,salinopolis,BR,2022-04-01 04:44:01,-0.6136,-47.3561,74.75,92,100,4.07
380,calabozo,VE,2022-04-01 04:44:01,8.9242,-67.4293,81.05,55,47,9.95
381,talnakh,RU,2022-04-01 04:44:02,69.4865,88.3972,13.21,92,100,6.82
382,manikpur,IN,2022-04-01 04:44:02,25.0667,81.1167,101.57,8,0,6.85
383,saint-leger,BE,2022-04-01 04:44:03,49.612,5.6569,33.13,94,50,5.57
384,ewa beach,US,2022-04-01 04:41:55,21.3156,-158.0072,80.55,65,40,15.99
385,essenbach,DE,2022-04-01 04:44:04,48.6167,12.2167,42.12,93,100,4.97
386,manoel urbano,BR,2022-04-01 04:44:04,-8.8389,-69.2597,69.51,99,100,5.28
387,lorengau,PG,2022-04-01 04:44:05,-2.0226,147.2712,83.75,76,72,18.54
388,altus,US,2022-04-01 04:44:06,34.6381,-99.334,53.11,34,0,10.36
389,dinghai,CN,2022-04-01 04:44:06,26.2847,119.7936,58.12,72,100,15.66
390,ambatofinandrahana,MG,2022-04-01 04:44:07,-20.55,46.8,58.24,76,6,5.53
391,chicama,PE,2022-04-01 04:44:07,-7.8447,-79.1469,64.94,82,88,3.91
392,olutanga,PH,2022-04-01 04:44:08,7.3106,122.8464,82.89,73,66,4.56
393,seddon,AU,2022-04-01 04:44:08,-37.8068,144.8916,68.02,61,100,24.16
394,chenzhou,CN,2022-04-01 04:44:09,25.8,113.0333,52.65,91,100,7.34
395,bam,IR,2022-04-01 04:44:10,29.106,58.357,77.13,6,8,6.62
396,verkhnyaya inta,RU,2022-04-01 04:44:10,65.9811,60.3094,17.64,91,100,15.59
397,turukhansk,RU,2022-04-01 04:44:11,65.8167,87.9833,18.32,85,100,17.87
398,praia,CV,2022-04-01 04:44:11,14.9215,-23.5087,68.54,77,0,14.97
399,corn island,NI,2022-04-01 04:44:12,12.1694,-83.0418,81.19,77,25,17.13
400,georgiyevskoye,RU,2022-04-01 04:44:12,58.731,45.024,23.79,83,66,2.91
401,acapulco,MX,2022-04-01 04:41:25,16.8634,-99.8901,73.42,71,23,3.2
402,krasnoselkup,RU,2022-04-01 04:44:13,65.7,82.4667,17.51,85,99,19.15
403,flinders,AU,2022-04-01 04:44:14,-34.5833,150.8552,65.17,81,100,11.01
404,quatre cocos,MU,2022-04-01 04:44:14,-20.2078,57.7625,77.11,78,79,19.55
405,aksu,CN,2022-04-01 04:44:15,41.1231,80.2644,57.38,28,80,6.08
406,pangoa,PE,2022-04-01 04:44:15,-12.1167,-73.0,66.78,100,100,2.91
407,savino,RU,2022-04-01 04:44:16,56.5929,41.2181,29.01,93,100,8.32
408,baykit,RU,2022-04-01 04:44:17,61.67,96.37,24.89,91,100,3.4
409,carutapera,BR,2022-04-01 04:44:17,-1.195,-46.02,73.38,95,97,0.96
410,constantine,DZ,2022-04-01 04:44:18,36.365,6.6147,45.81,81,40,12.66
411,la palma,US,2022-04-01 04:44:18,33.8464,-118.0467,61.5,80,100,3.44
412,amilly,FR,2022-04-01 04:44:19,47.9728,2.7719,34.88,74,98,20.11
413,port augusta,AU,2022-04-01 04:44:19,-32.5,137.7667,77.9,26,1,16.49
414,vao,NC,2022-04-01 04:44:20,-22.6667,167.4833,79.2,87,33,14.79
415,susuman,RU,2022-04-01 04:44:21,62.7833,148.1667,11.68,69,66,5.26
416,ellisras,ZA,2022-04-01 04:44:21,-23.6649,27.7443,64.76,51,0,4.76
417,aljezur,PT,2022-04-01 04:44:22,37.3191,-8.8033,52.61,86,16,9.82
418,margate,GB,2022-04-01 04:43:23,51.3813,1.3862,37.69,83,100,15.99
419,srednekolymsk,RU,2022-04-01 04:45:23,67.45,153.6833,5.04,80,100,4.94
420,saint-pierre,RE,2022-04-01 04:45:23,-21.3393,55.4781,80.29,69,20,24.16
421,tual,ID,2022-04-01 04:45:24,-5.6667,132.75,82.81,69,16,6.89
422,curico,CL,2022-04-01 04:45:25,-34.9833,-71.2333,55.74,62,37,2.3
423,nelson bay,AU,2022-04-01 04:42:46,-32.7167,152.15,66.99,94,83,27.6
424,sao gabriel da cachoeira,BR,2022-04-01 04:45:25,-0.1303,-67.0892,72.54,95,76,1.16
425,pativilca,PE,2022-04-01 04:45:26,-10.7,-77.7833,68.43,87,99,6.38
426,marzuq,YE,2022-04-01 04:45:27,14.4,46.4667,72.66,28,0,1.83
427,shaunavon,CA,2022-04-01 04:45:27,49.6501,-108.4181,33.58,44,100,13.42
428,perelyub,RU,2022-04-01 04:45:28,51.8667,50.3667,41.72,92,96,11.45
429,sisimiut,GL,2022-04-01 04:45:29,66.9395,-53.6735,16.07,84,42,3.76
430,yekaterinoslavka,RU,2022-04-01 04:45:29,50.3734,129.1139,30.51,88,31,7.43
431,mangrol,IN,2022-04-01 04:45:30,21.1167,70.1167,83.43,51,0,4.94
432,baghdad,IQ,2022-04-01 04:42:49,33.3406,44.4009,58.91,47,0,6.91
433,plettenberg bay,ZA,2022-04-01 04:45:31,-34.0527,23.3716,62.69,82,100,2.98
434,ancud,CL,2022-04-01 04:45:31,-41.8697,-73.8203,47.86,88,58,3.22
435,norman wells,CA,2022-04-01 04:45:32,65.282,-126.8329,-11.16,58,20,10.36
436,rabo de peixe,PT,2022-04-01 04:45:33,37.8,-25.5833,58.51,88,75,9.22
437,ossora,RU,2022-04-01 04:45:33,59.2353,163.0719,18.99,70,30,5.91
438,caravelas,BR,2022-04-01 04:45:34,-17.7125,-39.2481,74.98,88,2,3.31
439,linxia,CN,2022-04-01 04:45:34,35.6003,103.2064,50.56,25,31,7.49
440,erzin,TR,2022-04-01 04:45:35,36.9559,36.2,63.18,57,77,4.92
441,buenos aires,AR,2022-04-01 04:41:30,-34.6132,-58.3772,56.93,67,0,2.3
442,alcantara,BR,2022-04-01 04:45:36,-2.4089,-44.4147,77.2,92,100,4.12
443,suntar,RU,2022-04-01 04:45:37,62.1444,117.6319,32.18,97,100,11.27
444,omama,JP,2022-04-01 04:45:37,36.4333,139.2833,48.45,29,94,9.86
445,rucheng,CN,2022-04-01 04:45:38,32.3883,120.5553,52.16,47,100,13.02
446,severnoye,RU,2022-04-01 04:45:38,56.3491,78.3619,32.74,99,100,5.35
447,san rafael,AR,2022-04-01 04:42:46,-34.6177,-68.3301,53.6,26,4,7.87
448,carman,CA,2022-04-01 04:45:39,49.4992,-98.0016,29.32,86,69,10.36
449,arroyo,ES,2022-04-01 04:45:40,41.6096,-4.7969,34.59,82,75,9.22
450,yamada,JP,2022-04-01 04:45:40,39.4667,141.95,43.3,44,100,10.13
451,banfora,BF,2022-04-01 04:45:41,10.6333,-4.7667,81.99,56,32,5.1
452,maryville,US,2022-04-01 04:45:42,35.7565,-83.9705,53.67,79,100,19.57
453,dicamay,PH,2022-04-01 04:45:42,16.7561,122.0037,88.43,54,82,3.91
454,miyako,JP,2022-04-01 04:45:43,39.6367,141.9525,43.07,46,100,13.38
455,fort nelson,CA,2022-04-01 04:45:18,58.8053,-122.7002,18.99,63,40,9.22
456,huadian,CN,2022-04-01 04:45:44,42.9633,126.7478,45.64,28,2,10.71
457,swellendam,ZA,2022-04-01 04:45:44,-34.0226,20.4417,61.39,74,96,5.35
458,indian head,US,2022-04-01 04:45:45,38.6001,-77.1622,68.76,70,75,9.22
459,partenit,UA,2022-04-01 04:45:45,44.578,34.3446,56.68,59,100,2.73
460,atambua,ID,2022-04-01 04:45:28,-9.1061,124.8925,83.28,60,3,3.4
461,fernley,US,2022-04-01 04:41:03,39.608,-119.2518,52.66,29,95,5.32
462,terra nova,BR,2022-04-01 04:45:47,-12.3667,-40.6667,62.67,94,6,1.99
463,talcahuano,CL,2022-04-01 04:45:47,-36.7167,-73.1167,49.68,87,0,5.75
464,manono,CD,2022-04-01 04:45:48,-7.3,27.4167,67.39,93,74,2.95
465,vila franca do campo,PT,2022-04-01 04:45:48,37.7167,-25.4333,59.41,91,100,10.6
466,jhanjharpur,IN,2022-04-01 04:46:49,26.2667,86.2833,91.6,43,0,13.18
467,zarand,IR,2022-04-01 04:46:50,30.8127,56.564,65.17,10,0,1.88
468,eyl,SO,2022-04-01 04:46:50,7.9803,49.8164,82.76,73,28,11.54
469,safranbolu,TR,2022-04-01 04:46:51,41.2508,32.6942,55.17,61,100,4.05
470,bagdarin,RU,2022-04-01 04:46:51,54.4333,113.6,34.11,55,100,8.99
471,los llanos de aridane,ES,2022-04-01 04:46:52,28.6585,-17.9182,60.55,84,100,9.22
472,sokoni,TZ,2022-04-01 04:46:52,-6.4333,39.55,78.66,81,32,5.12
473,great yarmouth,GB,2022-04-01 04:46:53,52.6083,1.7305,36.01,69,100,29.44
474,seoul,KR,2022-04-01 04:46:54,37.5683,126.9778,60.19,22,20,8.05
475,martapura,ID,2022-04-01 04:46:54,-3.4167,114.85,84.29,70,40,14.97
476,paracuru,BR,2022-04-01 04:46:55,-3.41,-39.0306,81.1,89,100,5.73
477,kasempa,ZM,2022-04-01 04:46:56,-13.4584,25.8338,61.36,98,81,5.08
478,jiangyou,CN,2022-04-01 04:46:56,31.7667,104.7167,61.68,57,100,6.17
479,bairiki,KI,2022-04-01 04:46:57,1.3292,172.9752,86.0,70,75,13.8
480,tutoia,BR,2022-04-01 04:46:57,-2.7619,-42.2744,75.63,90,100,2.26
481,kargasok,RU,2022-04-01 04:46:58,59.0556,80.8572,27.59,76,77,9.28
482,nantucket,US,2022-04-01 04:43:47,41.2835,-70.0995,57.34,97,100,25.32
483,channel-port aux basques,CA,2022-04-01 04:46:59,47.5702,-59.1367,31.37,86,100,6.29
484,darlowo,PL,2022-04-01 04:46:59,54.421,16.4107,33.31,57,99,17.9
485,mitu,CO,2022-04-01 04:47:00,1.1983,-70.1733,72.5,94,99,2.04
486,pangody,RU,2022-04-01 04:47:00,65.85,74.4859,15.1,88,100,16.37
487,arkhangelsk,RU,2022-04-01 04:47:01,64.5401,40.5433,17.71,85,20,6.71
488,champerico,GT,2022-04-01 04:47:02,14.3,-91.9167,81.45,65,77,5.93
489,kirakira,SB,2022-04-01 04:47:03,-10.4544,161.9205,80.8,84,100,7.81
490,novo aripuana,BR,2022-04-01 04:47:03,-5.1206,-60.3797,71.62,99,88,2.24
491,sumenep,ID,2022-04-01 04:47:04,-7.0167,113.8667,82.38,77,87,9.8
492,nieuw amsterdam,SR,2022-04-01 04:47:04,5.8833,-55.0833,76.01,88,78,8.23
493,shirley,GB,2022-04-01 04:47:05,52.4107,-1.8195,32.59,88,0,9.22
494,serro,BR,2022-04-01 04:47:06,-18.6047,-43.3794,63.55,90,11,1.3
495,athabasca,CA,2022-04-01 04:47:06,54.7169,-113.2854,36.01,91,29,7.11
496,grand gaube,MU,2022-04-01 04:47:07,-20.0064,57.6608,77.4,85,57,5.99
497,progress,US,2022-04-01 04:47:08,40.2851,-76.8314,59.27,91,100,5.01
498,kolondieba,ML,2022-04-01 04:47:08,11.0882,-6.8926,82.26,42,48,5.53
499,caluquembe,AO,2022-04-01 04:47:09,-13.7833,14.6833,59.18,96,100,2.51
500,komsomolskiy,UZ,2022-04-01 04:47:09,40.4272,71.7189,63.32,39,3,6.91
501,umea,SE,2022-04-01 04:47:10,63.8284,20.2597,13.93,92,0,4.61
502,ust-omchug,RU,2022-04-01 04:47:10,61.15,149.6333,11.19,76,96,10.98
503,puerto guzman,CO,2022-04-01 04:47:11,0.9703,-76.5858,69.67,95,87,4.03
504,areia branca,BR,2022-04-01 04:43:33,-4.9561,-37.1369,79.0,83,99,8.28
505,lianzhou,CN,2022-04-01 04:47:12,24.7811,112.3825,55.06,86,100,8.14
506,sarangani,PH,2022-04-01 04:47:12,5.4033,125.4636,82.74,71,100,1.52
507,qarqin,AF,2022-04-01 04:47:13,37.4185,66.0436,71.69,20,0,2.26
508,kutum,SD,2022-04-01 04:47:14,14.2,24.6667,68.94,11,0,6.15
509,fortuna,US,2022-04-01 04:47:14,40.5982,-124.1573,48.92,87,100,6.91
510,aykhal,RU,2022-04-01 04:47:15,66.0,111.5,25.2,84,100,15.77
511,erice,IT,2022-04-01 04:47:15,38.037,12.5865,48.67,88,40,12.66
512,cooma,AU,2022-04-01 04:47:16,-36.2333,149.1333,51.57,81,75,19.57
513,alice springs,AU,2022-04-01 04:45:27,-23.7,133.8833,78.35,21,2,11.5
514,nuuk,GL,2022-04-01 04:47:17,64.1835,-51.7216,29.01,93,79,9.22
515,quang ngai,VN,2022-04-01 04:48:17,15.1167,108.8,75.96,91,100,2.77
516,kieta,PG,2022-04-01 04:48:18,-6.2167,155.6333,79.14,86,100,1.1
517,the valley,AI,2022-04-01 04:48:19,18.217,-63.0578,77.09,77,17,23.47
518,iskateley,RU,2022-04-01 04:48:20,67.6803,53.1512,12.9,93,89,8.37
519,junction city,US,2022-04-01 04:48:20,39.0286,-96.8314,38.55,67,0,1.99
520,petropavlovsk-kamchatskiy,RU,2022-04-01 04:48:21,53.0452,158.6483,34.39,41,75,4.47
521,lebedinyy,RU,2022-04-01 04:48:22,58.5167,125.5167,27.57,92,100,10.6
522,preobrazheniye,RU,2022-04-01 04:48:22,42.9019,133.9064,41.45,40,89,9.24
523,araouane,ML,2022-04-01 04:48:23,18.9048,-3.5265,77.54,17,100,9.55
524,upata,VE,2022-04-01 04:48:24,8.0086,-62.3989,71.01,85,56,5.08
525,dwarka,IN,2022-04-01 04:48:24,22.2394,68.9678,82.98,52,0,3.91
526,lovington,US,2022-04-01 04:48:25,32.944,-103.3485,55.02,33,99,1.01
527,mizdah,LY,2022-04-01 04:48:25,31.4451,12.9801,57.88,33,34,11.32
528,rio claro,BR,2022-04-01 04:46:37,-22.4114,-47.5614,64.74,88,100,11.18
529,shar,KZ,2022-04-01 04:48:26,49.5886,81.0453,36.23,79,100,11.34
530,husavik,IS,2022-04-01 04:48:27,66.0449,-17.3389,31.75,96,98,4.7
531,mecca,SA,2022-04-01 04:44:07,21.4267,39.8261,83.73,23,23,3.09
532,sur,OM,2022-04-01 04:48:28,22.5667,59.5289,84.74,45,0,8.37
533,tagusao,PH,2022-04-01 04:48:28,9.1924,117.8141,85.06,67,47,6.08
534,kyshtovka,RU,2022-04-01 04:48:29,56.555,76.6271,31.24,98,100,3.98
535,cascais,PT,2022-04-01 04:48:29,38.6979,-9.4215,54.93,71,9,20.0
536,livny,RU,2022-04-01 04:48:30,52.4253,37.6069,34.5,100,100,9.75
537,huarmey,PE,2022-04-01 04:48:31,-10.0681,-78.1522,70.25,85,100,7.92
538,vaitape,PF,2022-04-01 04:48:31,-16.5167,-151.75,82.22,67,34,13.09
539,pristen,RU,2022-04-01 04:48:32,51.2355,36.6959,45.59,87,100,11.16
540,krasnoznamensk,RU,2022-04-01 04:48:32,55.5994,37.0386,32.09,80,100,11.18
541,caidian,CN,2022-04-01 04:48:33,30.5833,114.0333,60.93,47,100,6.91
542,portland,US,2022-04-01 04:45:23,45.5234,-122.6762,51.73,76,75,6.91
543,awka,NG,2022-04-01 04:48:34,6.2101,7.0741,77.14,89,78,4.0
544,ixtapa,MX,2022-04-01 04:48:35,20.7,-105.2,63.43,75,61,2.24
545,bilma,NE,2022-04-01 04:48:35,18.6853,12.9164,70.99,5,0,5.73
546,el monte,US,2022-04-01 04:45:18,34.0686,-118.0276,61.16,84,42,3.56
547,lahat,ID,2022-04-01 04:48:36,-3.8,103.5333,92.75,45,13,4.25
548,amahai,ID,2022-04-01 04:48:37,-3.3333,128.9167,82.74,75,92,6.33
549,puerto del rosario,ES,2022-04-01 04:48:37,28.5004,-13.8627,64.15,63,100,14.97
550,saint-joseph,RE,2022-04-01 04:48:38,-21.3667,55.6167,79.21,77,71,16.17
551,itaituba,BR,2022-04-01 04:48:38,-4.2761,-55.9836,72.05,97,100,1.34
552,yarada,IN,2022-04-01 04:48:39,17.65,83.2667,88.12,66,40,10.36
553,cabra,ES,2022-04-01 04:48:40,37.4725,-4.4421,45.66,88,61,4.23
554,niteroi,BR,2022-04-01 04:48:40,-22.8833,-43.1036,75.65,65,100,5.75
555,aden,YE,2022-04-01 04:48:41,12.7794,45.0367,80.56,67,0,13.38
556,biryukove,UA,2022-04-01 04:48:42,47.9563,39.7384,52.3,57,100,14.97
557,tieling,CN,2022-04-01 04:48:42,42.2931,123.8414,48.13,22,3,7.9
558,joao pinheiro,BR,2022-04-01 04:48:43,-17.7425,-46.1725,69.93,65,20,4.38
559,sambava,MG,2022-04-01 04:48:43,-14.2667,50.1667,77.94,80,79,11.43
560,tucupita,VE,2022-04-01 04:49:44,9.0622,-62.051,70.54,98,84,3.33
561,pundaguitan,PH,2022-04-01 04:49:44,6.3711,126.1689,82.09,73,96,3.04
562,aras,ES,2022-04-01 04:49:45,42.5617,-2.356,33.73,80,0,10.36
563,pingliang,CN,2022-04-01 04:49:46,35.5392,106.6861,57.54,16,95,10.85
564,ileza,RU,2022-04-01 04:49:46,61.0533,43.9002,15.51,92,82,3.98
